method,nmi,homogeneity,completeness
bass_like,0.6029968505816411,0.6114037819647146,0.5948179775194636
graphst_like,0.5205668626768171,0.5298272251824433,0.5116246462969563
bayespace_like,0.4283103809814209,0.43597074088402626,0.4209145702221617
leiden_like,0.1422963355637452,0.14689034044314925,0.13798097176487062
